"date","station_name","entries"
"2026-01-01","20 Yanvar","28562"
"2026-01-01","28-May","26514"
"2026-01-01","8 Noyabr","1956"
"2026-01-01","Akhmedli","17398"
"2026-01-01","Avtovaghzal","7495"
"2026-01-01","Azadlig Prospekti","10398"
"2026-01-01","Bakmil","242"
"2026-01-01","Darnagul","1440"
"2026-01-01","Elmlar Akademiyasi","9223"
"2026-01-01","Ganjlik","21394"
"2026-01-01","Gara Garayev","11883"
"2026-01-01","Hazi Aslanov","10355"
"2026-01-01","Icherisheher","16475"
"2026-01-01","Inshaatchilar","15011"
"2026-01-01","Jafar Jabbarli","1261"
"2026-01-01","Khalglar Dostlughu","14652"
"2026-01-01","Khatai","4283"
"2026-01-01","Khocasen","1586"
"2026-01-01","Koroghlu","34470"
"2026-01-01","Memar Ajami","14951"
"2026-01-01","Memar Ajami 2","741"
"2026-01-01","Nariman Narimanov","19358"
"2026-01-01","Nasimi","4587"
"2026-01-01","Neftchilar","20143"
"2026-01-01","Nizami","7440"
"2026-01-01","Sahil","37051"
"2026-01-01","Ulduz","2712"
"2026-01-02","20 Yanvar","25193"
"2026-01-02","28-May","24641"
"2026-01-02","8 Noyabr","1769"
"2026-01-02","Akhmedli","15817"
"2026-01-02","Avtovaghzal","7081"
"2026-01-02","Azadlig Prospekti","9563"
"2026-01-02","Bakmil","251"
"2026-01-02","Darnagul","1455"
"2026-01-02","Elmlar Akademiyasi","10054"
"2026-01-02","Ganjlik","19320"
"2026-01-02","Gara Garayev","11100"
"2026-01-02","Hazi Aslanov","9333"
"2026-01-02","Icherisheher","9131"
"2026-01-02","Inshaatchilar","14241"
"2026-01-02","Jafar Jabbarli","1230"
"2026-01-02","Khalglar Dostlughu","13255"
"2026-01-02","Khatai","4724"
"2026-01-02","Khocasen","1452"
"2026-01-02","Koroghlu","27832"
"2026-01-02","Memar Ajami","13285"
"2026-01-02","Memar Ajami 2","833"
"2026-01-02","Nariman Narimanov","19550"
"2026-01-02","Nasimi","4310"
"2026-01-02","Neftchilar","17891"
"2026-01-02","Nizami","8053"
"2026-01-02","Sahil","17403"
"2026-01-02","Ulduz","2659"
"2026-01-03","20 Yanvar","34431"
"2026-01-03","28-May","35287"
"2026-01-03","8 Noyabr","2399"
"2026-01-03","Akhmedli","22374"
"2026-01-03","Avtovaghzal","9276"
"2026-01-03","Azadlig Prospekti","13779"
"2026-01-03","Bakmil","678"
"2026-01-03","Darnagul","2020"
"2026-01-03","Elmlar Akademiyasi","14205"
"2026-01-03","Ganjlik","26868"
"2026-01-03","Gara Garayev","16495"
"2026-01-03","Hazi Aslanov","13321"
"2026-01-03","Icherisheher","16818"
"2026-01-03","Inshaatchilar","20169"
"2026-01-03","Jafar Jabbarli","1734"
"2026-01-03","Khalglar Dostlughu","19653"
"2026-01-03","Khatai","6766"
"2026-01-03","Khocasen","2056"
"2026-01-03","Koroghlu","40811"
"2026-01-03","Memar Ajami","19318"
"2026-01-03","Memar Ajami 2","980"
"2026-01-03","Nariman Narimanov","28879"
"2026-01-03","Nasimi","6096"
"2026-01-03","Neftchilar","26170"
"2026-01-03","Nizami","10853"
"2026-01-03","Sahil","33462"
"2026-01-03","Ulduz","4126"
"2026-01-04","20 Yanvar","33169"
"2026-01-04","28-May","31063"
"2026-01-04","8 Noyabr","2336"
"2026-01-04","Akhmedli","19447"
"2026-01-04","Avtovaghzal","10786"
"2026-01-04","Azadlig Prospekti","12756"
"2026-01-04","Bakmil","563"
"2026-01-04","Darnagul","1890"
"2026-01-04","Elmlar Akademiyasi","12830"
"2026-01-04","Ganjlik","22884"
"2026-01-04","Gara Garayev","14603"
"2026-01-04","Hazi Aslanov","11742"
"2026-01-04","Icherisheher","14722"
"2026-01-04","Inshaatchilar","18788"
"2026-01-04","Jafar Jabbarli","1302"
"2026-01-04","Khalglar Dostlughu","17712"
"2026-01-04","Khatai","5846"
"2026-01-04","Khocasen","2011"
"2026-01-04","Koroghlu","37528"
"2026-01-04","Memar Ajami","17844"
"2026-01-04","Memar Ajami 2","1001"
"2026-01-04","Nariman Narimanov","25855"
"2026-01-04","Nasimi","5849"
"2026-01-04","Neftchilar","23550"
"2026-01-04","Nizami","9626"
"2026-01-04","Sahil","30109"
"2026-01-04","Ulduz","3522"
"2026-01-05","20 Yanvar","52121"
"2026-01-05","28-May","55136"
"2026-01-05","8 Noyabr","4725"
"2026-01-05","Akhmedli","33238"
"2026-01-05","Avtovaghzal","14015"
"2026-01-05","Azadlig Prospekti","22600"
"2026-01-05","Bakmil","1944"
"2026-01-05","Darnagul","4136"
"2026-01-05","Elmlar Akademiyasi","41865"
"2026-01-05","Ganjlik","43673"
"2026-01-05","Gara Garayev","24976"
"2026-01-05","Hazi Aslanov","18449"
"2026-01-05","Icherisheher","19937"
"2026-01-05","Inshaatchilar","32203"
"2026-01-05","Jafar Jabbarli","3371"
"2026-01-05","Khalglar Dostlughu","28137"
"2026-01-05","Khatai","15891"
"2026-01-05","Khocasen","3443"
"2026-01-05","Koroghlu","58401"
"2026-01-05","Memar Ajami","26097"
"2026-01-05","Memar Ajami 2","1846"
"2026-01-05","Nariman Narimanov","47588"
"2026-01-05","Nasimi","10376"
"2026-01-05","Neftchilar","37343"
"2026-01-05","Nizami","20907"
"2026-01-05","Sahil","29401"
"2026-01-05","Ulduz","8706"
"2026-01-06","20 Yanvar","52734"
"2026-01-06","28-May","55853"
"2026-01-06","8 Noyabr","4993"
"2026-01-06","Akhmedli","33775"
"2026-01-06","Avtovaghzal","14040"
"2026-01-06","Azadlig Prospekti","23216"
"2026-01-06","Bakmil","2233"
"2026-01-06","Darnagul","4385"
"2026-01-06","Elmlar Akademiyasi","43312"
"2026-01-06","Ganjlik","44356"
"2026-01-06","Gara Garayev","25525"
"2026-01-06","Hazi Aslanov","18971"
"2026-01-06","Icherisheher","20366"
"2026-01-06","Inshaatchilar","32878"
"2026-01-06","Jafar Jabbarli","3252"
"2026-01-06","Khalglar Dostlughu","29000"
"2026-01-06","Khatai","16208"
"2026-01-06","Khocasen","3486"
"2026-01-06","Koroghlu","59693"
"2026-01-06","Memar Ajami","26578"
"2026-01-06","Memar Ajami 2","1894"
"2026-01-06","Nariman Narimanov","48745"
"2026-01-06","Nasimi","10635"
"2026-01-06","Neftchilar","37954"
"2026-01-06","Nizami","21108"
"2026-01-06","Sahil","30945"
"2026-01-06","Ulduz","8949"
"2026-01-07","20 Yanvar","51345"
"2026-01-07","28-May","55257"
"2026-01-07","8 Noyabr","5143"
"2026-01-07","Akhmedli","34027"
"2026-01-07","Avtovaghzal","13342"
"2026-01-07","Azadlig Prospekti","22999"
"2026-01-07","Bakmil","2233"
"2026-01-07","Darnagul","4348"
"2026-01-07","Elmlar Akademiyasi","42096"
"2026-01-07","Ganjlik","43032"
"2026-01-07","Gara Garayev","24840"
"2026-01-07","Hazi Aslanov","18777"
"2026-01-07","Icherisheher","19576"
"2026-01-07","Inshaatchilar","32845"
"2026-01-07","Jafar Jabbarli","3319"
"2026-01-07","Khalglar Dostlughu","28793"
"2026-01-07","Khatai","16072"
"2026-01-07","Khocasen","3506"
"2026-01-07","Koroghlu","58452"
"2026-01-07","Memar Ajami","26628"
"2026-01-07","Memar Ajami 2","1825"
"2026-01-07","Nariman Narimanov","48455"
"2026-01-07","Nasimi","10648"
"2026-01-07","Neftchilar","37161"
"2026-01-07","Nizami","20700"
"2026-01-07","Sahil","30599"
"2026-01-07","Ulduz","8735"
"2026-01-08","20 Yanvar","52532"
"2026-01-08","28-May","55403"
"2026-01-08","8 Noyabr","5045"
"2026-01-08","Akhmedli","34173"
"2026-01-08","Avtovaghzal","13464"
"2026-01-08","Azadlig Prospekti","23363"
"2026-01-08","Bakmil","2200"
"2026-01-08","Darnagul","4347"
"2026-01-08","Elmlar Akademiyasi","42681"
"2026-01-08","Ganjlik","45105"
"2026-01-08","Gara Garayev","25007"
"2026-01-08","Hazi Aslanov","18682"
"2026-01-08","Icherisheher","20569"
"2026-01-08","Inshaatchilar","32690"
"2026-01-08","Jafar Jabbarli","3275"
"2026-01-08","Khalglar Dostlughu","28961"
"2026-01-08","Khatai","16173"
"2026-01-08","Khocasen","3404"
"2026-01-08","Koroghlu","59164"
"2026-01-08","Memar Ajami","26731"
"2026-01-08","Memar Ajami 2","1862"
"2026-01-08","Nariman Narimanov","48432"
"2026-01-08","Nasimi","10621"
"2026-01-08","Neftchilar","37538"
"2026-01-08","Nizami","21080"
"2026-01-08","Sahil","28861"
"2026-01-08","Ulduz","8835"
"2026-01-09","20 Yanvar","53668"
"2026-01-09","28-May","57246"
"2026-01-09","8 Noyabr","5152"
"2026-01-09","Akhmedli","34749"
"2026-01-09","Avtovaghzal","13235"
"2026-01-09","Azadlig Prospekti","23769"
"2026-01-09","Bakmil","2147"
"2026-01-09","Darnagul","4480"
"2026-01-09","Elmlar Akademiyasi","45767"
"2026-01-09","Ganjlik","45823"
"2026-01-09","Gara Garayev","25433"
"2026-01-09","Hazi Aslanov","19264"
"2026-01-09","Icherisheher","20409"
"2026-01-09","Inshaatchilar","33195"
"2026-01-09","Jafar Jabbarli","3236"
"2026-01-09","Khalglar Dostlughu","29484"
"2026-01-09","Khatai","16113"
"2026-01-09","Khocasen","3588"
"2026-01-09","Koroghlu","60353"
"2026-01-09","Memar Ajami","26853"
"2026-01-09","Memar Ajami 2","1872"
"2026-01-09","Nariman Narimanov","49875"
"2026-01-09","Nasimi","10814"
"2026-01-09","Neftchilar","38079"
"2026-01-09","Nizami","21669"
"2026-01-09","Sahil","29820"
"2026-01-09","Ulduz","9013"
"2026-01-10","20 Yanvar","40160"
"2026-01-10","28-May","41574"
"2026-01-10","8 Noyabr","3603"
"2026-01-10","Akhmedli","27120"
"2026-01-10","Avtovaghzal","9925"
"2026-01-10","Azadlig Prospekti","17008"
"2026-01-10","Bakmil","1118"
"2026-01-10","Darnagul","3109"
"2026-01-10","Elmlar Akademiyasi","23181"
"2026-01-10","Ganjlik","31546"
"2026-01-10","Gara Garayev","19939"
"2026-01-10","Hazi Aslanov","15629"
"2026-01-10","Icherisheher","13113"
"2026-01-10","Inshaatchilar","26521"
"2026-01-10","Jafar Jabbarli","1900"
"2026-01-10","Khalglar Dostlughu","23362"
"2026-01-10","Khatai","9682"
"2026-01-10","Khocasen","2592"
"2026-01-10","Koroghlu","47179"
"2026-01-10","Memar Ajami","22178"
"2026-01-10","Memar Ajami 2","1278"
"2026-01-10","Nariman Narimanov","36846"
"2026-01-10","Nasimi","8038"
"2026-01-10","Neftchilar","30620"
"2026-01-10","Nizami","15181"
"2026-01-10","Sahil","21371"
"2026-01-10","Ulduz","6001"
"2026-01-11","20 Yanvar","31882"
"2026-01-11","28-May","31370"
"2026-01-11","8 Noyabr","2486"
"2026-01-11","Akhmedli","20059"
"2026-01-11","Avtovaghzal","7892"
"2026-01-11","Azadlig Prospekti","13072"
"2026-01-11","Bakmil","582"
"2026-01-11","Darnagul","2143"
"2026-01-11","Elmlar Akademiyasi","15054"
"2026-01-11","Ganjlik","22913"
"2026-01-11","Gara Garayev","14824"
"2026-01-11","Hazi Aslanov","12821"
"2026-01-11","Icherisheher","10354"
"2026-01-11","Inshaatchilar","19711"
"2026-01-11","Jafar Jabbarli","1236"
"2026-01-11","Khalglar Dostlughu","17905"
"2026-01-11","Khatai","6494"
"2026-01-11","Khocasen","1875"
"2026-01-11","Koroghlu","35980"
"2026-01-11","Memar Ajami","18442"
"2026-01-11","Memar Ajami 2","996"
"2026-01-11","Nariman Narimanov","26531"
"2026-01-11","Nasimi","6131"
"2026-01-11","Neftchilar","23707"
"2026-01-11","Nizami","10566"
"2026-01-11","Sahil","19691"
"2026-01-11","Ulduz","3552"
"2026-01-12","20 Yanvar","52252"
"2026-01-12","28-May","50595"
"2026-01-12","8 Noyabr","4911"
"2026-01-12","Akhmedli","33138"
"2026-01-12","Avtovaghzal","13404"
"2026-01-12","Azadlig Prospekti","22868"
"2026-01-12","Bakmil","2196"
"2026-01-12","Darnagul","4275"
"2026-01-12","Elmlar Akademiyasi","41718"
"2026-01-12","Ganjlik","42566"
"2026-01-12","Gara Garayev","25056"
"2026-01-12","Hazi Aslanov","18048"
"2026-01-12","Icherisheher","18333"
"2026-01-12","Inshaatchilar","31613"
"2026-01-12","Jafar Jabbarli","3016"
"2026-01-12","Khalglar Dostlughu","28519"
"2026-01-12","Khatai","15007"
"2026-01-12","Khocasen","3445"
"2026-01-12","Koroghlu","59320"
"2026-01-12","Memar Ajami","26057"
"2026-01-12","Memar Ajami 2","1779"
"2026-01-12","Nariman Narimanov","45913"
"2026-01-12","Nasimi","10322"
"2026-01-12","Neftchilar","36934"
"2026-01-12","Nizami","19287"
"2026-01-12","Sahil","25271"
"2026-01-12","Ulduz","8660"
"2026-01-13","20 Yanvar","38460"
"2026-01-13","28-May","35841"
"2026-01-13","8 Noyabr","3936"
"2026-01-13","Akhmedli","24828"
"2026-01-13","Avtovaghzal","10313"
"2026-01-13","Azadlig Prospekti","17660"
"2026-01-13","Bakmil","1618"
"2026-01-13","Darnagul","3285"
"2026-01-13","Elmlar Akademiyasi","28470"
"2026-01-13","Ganjlik","30200"
"2026-01-13","Gara Garayev","18142"
"2026-01-13","Hazi Aslanov","13200"
"2026-01-13","Icherisheher","13394"
"2026-01-13","Inshaatchilar","22658"
"2026-01-13","Jafar Jabbarli","2239"
"2026-01-13","Khalglar Dostlughu","21616"
"2026-01-13","Khatai","10692"
"2026-01-13","Khocasen","2712"
"2026-01-13","Koroghlu","45479"
"2026-01-13","Memar Ajami","18675"
"2026-01-13","Memar Ajami 2","1270"
"2026-01-13","Nariman Narimanov","33575"
"2026-01-13","Nasimi","7493"
"2026-01-13","Neftchilar","27485"
"2026-01-13","Nizami","14284"
"2026-01-13","Sahil","18769"
"2026-01-13","Ulduz","6636"
"2026-01-14","20 Yanvar","62596"
"2026-01-14","28-May","73435"
"2026-01-14","8 Noyabr","6364"
"2026-01-14","Akhmedli","40259"
"2026-01-14","Avtovaghzal","15417"
"2026-01-14","Azadlig Prospekti","27529"
"2026-01-14","Bakmil","2653"
"2026-01-14","Darnagul","5256"
"2026-01-14","Elmlar Akademiyasi","56825"
"2026-01-14","Ganjlik","56632"
"2026-01-14","Gara Garayev","30551"
"2026-01-14","Hazi Aslanov","22909"
"2026-01-14","Icherisheher","24913"
"2026-01-14","Inshaatchilar","40413"
"2026-01-14","Jafar Jabbarli","4688"
"2026-01-14","Khalglar Dostlughu","34219"
"2026-01-14","Khatai","21341"
"2026-01-14","Khocasen","3690"
"2026-01-14","Koroghlu","68233"
"2026-01-14","Memar Ajami","32186"
"2026-01-14","Memar Ajami 2","2266"
"2026-01-14","Nariman Narimanov","61286"
"2026-01-14","Nasimi","12688"
"2026-01-14","Neftchilar","44744"
"2026-01-14","Nizami","27595"
"2026-01-14","Sahil","36261"
"2026-01-14","Ulduz","10382"
"2026-01-15","20 Yanvar","52631"
"2026-01-15","28-May","11387"
"2026-01-15","8 Noyabr","4943"
"2026-01-15","Akhmedli","34107"
"2026-01-15","Avtovaghzal","12954"
"2026-01-15","Azadlig Prospekti","23418"
"2026-01-15","Bakmil","2219"
"2026-01-15","Darnagul","4585"
"2026-01-15","Elmlar Akademiyasi","42741"
"2026-01-15","Ganjlik","44158"
"2026-01-15","Gara Garayev","24920"
"2026-01-15","Hazi Aslanov","18932"
"2026-01-15","Icherisheher","20003"
"2026-01-15","Inshaatchilar","32955"
"2026-01-15","Jafar Jabbarli","3160"
"2026-01-15","Khalglar Dostlughu","28948"
"2026-01-15","Khatai","16303"
"2026-01-15","Khocasen","3368"
"2026-01-15","Koroghlu","59052"
"2026-01-15","Memar Ajami","26486"
"2026-01-15","Memar Ajami 2","1810"
"2026-01-15","Nariman Narimanov","48759"
"2026-01-15","Nasimi","10455"
"2026-01-15","Neftchilar","37764"
"2026-01-15","Nizami","20717"
"2026-01-15","Sahil","27523"
"2026-01-15","Ulduz","8835"
"2026-01-16","20 Yanvar","55054"
"2026-01-16","28-May","103984"
"2026-01-16","8 Noyabr","5247"
"2026-01-16","Akhmedli","35547"
"2026-01-16","Avtovaghzal","13589"
"2026-01-16","Azadlig Prospekti","24279"
"2026-01-16","Bakmil","2301"
"2026-01-16","Darnagul","4586"
"2026-01-16","Elmlar Akademiyasi","45098"
"2026-01-16","Ganjlik","48223"
"2026-01-16","Gara Garayev","26320"
"2026-01-16","Hazi Aslanov","19534"
"2026-01-16","Icherisheher","20978"
"2026-01-16","Inshaatchilar","34196"
"2026-01-16","Jafar Jabbarli","3455"
"2026-01-16","Khalglar Dostlughu","30106"
"2026-01-16","Khatai","16380"
"2026-01-16","Khocasen","3465"
"2026-01-16","Koroghlu","61850"
"2026-01-16","Memar Ajami","28411"
"2026-01-16","Memar Ajami 2","1976"
"2026-01-16","Nariman Narimanov","51272"
"2026-01-16","Nasimi","11150"
"2026-01-16","Neftchilar","39793"
"2026-01-16","Nizami","22218"
"2026-01-16","Sahil","31401"
"2026-01-16","Ulduz","9180"
"2026-01-17","20 Yanvar","39436"
"2026-01-17","28-May","40025"
"2026-01-17","8 Noyabr","3503"
"2026-01-17","Akhmedli","26331"
"2026-01-17","Avtovaghzal","9169"
"2026-01-17","Azadlig Prospekti","16840"
"2026-01-17","Bakmil","1202"
"2026-01-17","Darnagul","3215"
"2026-01-17","Elmlar Akademiyasi","23748"
"2026-01-17","Ganjlik","31156"
"2026-01-17","Gara Garayev","20070"
"2026-01-17","Hazi Aslanov","15997"
"2026-01-17","Icherisheher","12391"
"2026-01-17","Inshaatchilar","25775"
"2026-01-17","Jafar Jabbarli","1931"
"2026-01-17","Khalglar Dostlughu","22888"
"2026-01-17","Khatai","9589"
"2026-01-17","Khocasen","2478"
"2026-01-17","Koroghlu","46362"
"2026-01-17","Memar Ajami","21924"
"2026-01-17","Memar Ajami 2","1242"
"2026-01-17","Nariman Narimanov","36874"
"2026-01-17","Nasimi","7713"
"2026-01-17","Neftchilar","30369"
"2026-01-17","Nizami","14542"
"2026-01-17","Sahil","19972"
"2026-01-17","Ulduz","6011"
"2026-01-18","20 Yanvar","27716"
"2026-01-18","28-May","26903"
"2026-01-18","8 Noyabr","2095"
"2026-01-18","Akhmedli","17905"
"2026-01-18","Avtovaghzal","6988"
"2026-01-18","Azadlig Prospekti","11463"
"2026-01-18","Bakmil","448"
"2026-01-18","Darnagul","1862"
"2026-01-18","Elmlar Akademiyasi","13430"
"2026-01-18","Ganjlik","20057"
"2026-01-18","Gara Garayev","13081"
"2026-01-18","Hazi Aslanov","11056"
"2026-01-18","Icherisheher","8615"
"2026-01-18","Inshaatchilar","17619"
"2026-01-18","Jafar Jabbarli","1172"
"2026-01-18","Khalglar Dostlughu","15779"
"2026-01-18","Khatai","5675"
"2026-01-18","Khocasen","1601"
"2026-01-18","Koroghlu","31711"
"2026-01-18","Memar Ajami","16030"
"2026-01-18","Memar Ajami 2","1059"
"2026-01-18","Nariman Narimanov","22367"
"2026-01-18","Nasimi","5426"
"2026-01-18","Neftchilar","21251"
"2026-01-18","Nizami","9778"
"2026-01-18","Sahil","15144"
"2026-01-18","Ulduz","3110"
"2026-01-19","20 Yanvar","53325"
"2026-01-19","28-May","57320"
"2026-01-19","8 Noyabr","5297"
"2026-01-19","Akhmedli","33655"
"2026-01-19","Avtovaghzal","12927"
"2026-01-19","Azadlig Prospekti","23150"
"2026-01-19","Bakmil","2179"
"2026-01-19","Darnagul","4321"
"2026-01-19","Elmlar Akademiyasi","45392"
"2026-01-19","Ganjlik","46040"
"2026-01-19","Gara Garayev","25271"
"2026-01-19","Hazi Aslanov","18704"
"2026-01-19","Icherisheher","18741"
"2026-01-19","Inshaatchilar","32540"
"2026-01-19","Jafar Jabbarli","3552"
"2026-01-19","Khalglar Dostlughu","28781"
"2026-01-19","Khatai","16377"
"2026-01-19","Khocasen","3270"
"2026-01-19","Koroghlu","59940"
"2026-01-19","Memar Ajami","26541"
"2026-01-19","Memar Ajami 2","1918"
"2026-01-19","Nariman Narimanov","48500"
"2026-01-19","Nasimi","10300"
"2026-01-19","Neftchilar","37964"
"2026-01-19","Nizami","21123"
"2026-01-19","Sahil","27317"
"2026-01-19","Ulduz","8687"
"2026-01-20","20 Yanvar","28479"
"2026-01-20","28-May","27566"
"2026-01-20","8 Noyabr","2567"
"2026-01-20","Akhmedli","18927"
"2026-01-20","Avtovaghzal","7226"
"2026-01-20","Azadlig Prospekti","12220"
"2026-01-20","Bakmil","1099"
"2026-01-20","Darnagul","2356"
"2026-01-20","Elmlar Akademiyasi","16648"
"2026-01-20","Ganjlik","20350"
"2026-01-20","Gara Garayev","14237"
"2026-01-20","Hazi Aslanov","11182"
"2026-01-20","Icherisheher","12535"
"2026-01-20","Inshaatchilar","18790"
"2026-01-20","Jafar Jabbarli","1594"
"2026-01-20","Khalglar Dostlughu","16922"
"2026-01-20","Khatai","7541"
"2026-01-20","Khocasen","1719"
"2026-01-20","Koroghlu","33706"
"2026-01-20","Memar Ajami","15295"
"2026-01-20","Memar Ajami 2","946"
"2026-01-20","Nariman Narimanov","26138"
"2026-01-20","Nasimi","5558"
"2026-01-20","Neftchilar","21901"
"2026-01-20","Nizami","10769"
"2026-01-20","Sahil","12152"
"2026-01-20","Ulduz","4483"
"2026-01-21","20 Yanvar","51568"
"2026-01-21","28-May","54873"
"2026-01-21","8 Noyabr","5095"
"2026-01-21","Akhmedli","33705"
"2026-01-21","Avtovaghzal","13123"
"2026-01-21","Azadlig Prospekti","22618"
"2026-01-21","Bakmil","2122"
"2026-01-21","Darnagul","4338"
"2026-01-21","Elmlar Akademiyasi","42308"
"2026-01-21","Ganjlik","53689"
"2026-01-21","Gara Garayev","24302"
"2026-01-21","Hazi Aslanov","18957"
"2026-01-21","Icherisheher","17893"
"2026-01-21","Inshaatchilar","32440"
"2026-01-21","Jafar Jabbarli","3301"
"2026-01-21","Khalglar Dostlughu","29004"
"2026-01-21","Khatai","16321"
"2026-01-21","Khocasen","3311"
"2026-01-21","Koroghlu","58908"
"2026-01-21","Memar Ajami","26236"
"2026-01-21","Memar Ajami 2","1806"
"2026-01-21","Nariman Narimanov","46610"
"2026-01-21","Nasimi","10274"
"2026-01-21","Neftchilar","37555"
"2026-01-21","Nizami","20201"
"2026-01-21","Sahil","27433"
"2026-01-21","Ulduz","8556"
"2026-01-22","20 Yanvar","52017"
"2026-01-22","28-May","56697"
"2026-01-22","8 Noyabr","5143"
"2026-01-22","Akhmedli","34243"
"2026-01-22","Avtovaghzal","12975"
"2026-01-22","Azadlig Prospekti","23327"
"2026-01-22","Bakmil","2256"
"2026-01-22","Darnagul","4314"
"2026-01-22","Elmlar Akademiyasi","41985"
"2026-01-22","Ganjlik","46382"
"2026-01-22","Gara Garayev","24839"
"2026-01-22","Hazi Aslanov","19035"
"2026-01-22","Icherisheher","19531"
"2026-01-22","Inshaatchilar","32699"
"2026-01-22","Jafar Jabbarli","3277"
"2026-01-22","Khalglar Dostlughu","29386"
"2026-01-22","Khatai","16195"
"2026-01-22","Khocasen","3228"
"2026-01-22","Koroghlu","58975"
"2026-01-22","Memar Ajami","26835"
"2026-01-22","Memar Ajami 2","1835"
"2026-01-22","Nariman Narimanov","48224"
"2026-01-22","Nasimi","10590"
"2026-01-22","Neftchilar","37933"
"2026-01-22","Nizami","21148"
"2026-01-22","Sahil","27406"
"2026-01-22","Ulduz","8725"
"2026-01-23","20 Yanvar","53310"
"2026-01-23","28-May","57531"
"2026-01-23","8 Noyabr","5342"
"2026-01-23","Akhmedli","34897"
"2026-01-23","Avtovaghzal","13484"
"2026-01-23","Azadlig Prospekti","23839"
"2026-01-23","Bakmil","2200"
"2026-01-23","Darnagul","4672"
"2026-01-23","Elmlar Akademiyasi","44846"
"2026-01-23","Ganjlik","45719"
"2026-01-23","Gara Garayev","25978"
"2026-01-23","Hazi Aslanov","19184"
"2026-01-23","Icherisheher","19765"
"2026-01-23","Inshaatchilar","33722"
"2026-01-23","Jafar Jabbarli","3286"
"2026-01-23","Khalglar Dostlughu","29830"
"2026-01-23","Khatai","16648"
"2026-01-23","Khocasen","3333"
"2026-01-23","Koroghlu","60236"
"2026-01-23","Memar Ajami","27557"
"2026-01-23","Memar Ajami 2","1907"
"2026-01-23","Nariman Narimanov","49411"
"2026-01-23","Nasimi","10830"
"2026-01-23","Neftchilar","38458"
"2026-01-23","Nizami","21372"
"2026-01-23","Sahil","29291"
"2026-01-23","Ulduz","8878"
"2026-01-24","20 Yanvar","39648"
"2026-01-24","28-May","41317"
"2026-01-24","8 Noyabr","3516"
"2026-01-24","Akhmedli","26760"
"2026-01-24","Avtovaghzal","9636"
"2026-01-24","Azadlig Prospekti","17083"
"2026-01-24","Bakmil","1204"
"2026-01-24","Darnagul","3306"
"2026-01-24","Elmlar Akademiyasi","24162"
"2026-01-24","Ganjlik","32242"
"2026-01-24","Gara Garayev","19991"
"2026-01-24","Hazi Aslanov","16047"
"2026-01-24","Icherisheher","13109"
"2026-01-24","Inshaatchilar","26437"
"2026-01-24","Jafar Jabbarli","1712"
"2026-01-24","Khalglar Dostlughu","22851"
"2026-01-24","Khatai","9888"
"2026-01-24","Khocasen","2453"
"2026-01-24","Koroghlu","46319"
"2026-01-24","Memar Ajami","22662"
"2026-01-24","Memar Ajami 2","1348"
"2026-01-24","Nariman Narimanov","37812"
"2026-01-24","Nasimi","8091"
"2026-01-24","Neftchilar","30645"
"2026-01-24","Nizami","15352"
"2026-01-24","Sahil","22189"
"2026-01-24","Ulduz","6073"
"2026-01-25","20 Yanvar","31239"
"2026-01-25","28-May","30372"
"2026-01-25","8 Noyabr","2388"
"2026-01-25","Akhmedli","19687"
"2026-01-25","Avtovaghzal","7842"
"2026-01-25","Azadlig Prospekti","12900"
"2026-01-25","Bakmil","649"
"2026-01-25","Darnagul","2122"
"2026-01-25","Elmlar Akademiyasi","15364"
"2026-01-25","Ganjlik","22647"
"2026-01-25","Gara Garayev","14612"
"2026-01-25","Hazi Aslanov","12798"
"2026-01-25","Icherisheher","10415"
"2026-01-25","Inshaatchilar","19570"
"2026-01-25","Jafar Jabbarli","1065"
"2026-01-25","Khalglar Dostlughu","17662"
"2026-01-25","Khatai","6350"
"2026-01-25","Khocasen","1900"
"2026-01-25","Koroghlu","36064"
"2026-01-25","Memar Ajami","18141"
"2026-01-25","Memar Ajami 2","908"
"2026-01-25","Nariman Narimanov","26266"
"2026-01-25","Nasimi","6193"
"2026-01-25","Neftchilar","24363"
"2026-01-25","Nizami","10592"
"2026-01-25","Sahil","18821"
"2026-01-25","Ulduz","3615"
"2026-01-26","20 Yanvar","54606"
"2026-01-26","28-May","56854"
"2026-01-26","8 Noyabr","5273"
"2026-01-26","Akhmedli","34506"
"2026-01-26","Avtovaghzal","13795"
"2026-01-26","Azadlig Prospekti","23532"
"2026-01-26","Bakmil","2125"
"2026-01-26","Darnagul","4240"
"2026-01-26","Elmlar Akademiyasi","43420"
"2026-01-26","Ganjlik","46895"
"2026-01-26","Gara Garayev","25632"
"2026-01-26","Hazi Aslanov","18989"
"2026-01-26","Icherisheher","19472"
"2026-01-26","Inshaatchilar","33277"
"2026-01-26","Jafar Jabbarli","3499"
"2026-01-26","Khalglar Dostlughu","29209"
"2026-01-26","Khatai","16549"
"2026-01-26","Khocasen","3509"
"2026-01-26","Koroghlu","60598"
"2026-01-26","Memar Ajami","27090"
"2026-01-26","Memar Ajami 2","1714"
"2026-01-26","Nariman Narimanov","48997"
"2026-01-26","Nasimi","10459"
"2026-01-26","Neftchilar","37978"
"2026-01-26","Nizami","21383"
"2026-01-26","Sahil","28253"
"2026-01-26","Ulduz","8798"
"2026-01-27","20 Yanvar","53678"
"2026-01-27","28-May","54978"
"2026-01-27","8 Noyabr","5159"
"2026-01-27","Akhmedli","34298"
"2026-01-27","Avtovaghzal","13573"
"2026-01-27","Azadlig Prospekti","23285"
"2026-01-27","Bakmil","2120"
"2026-01-27","Darnagul","4615"
"2026-01-27","Elmlar Akademiyasi","42182"
"2026-01-27","Ganjlik","45829"
"2026-01-27","Gara Garayev","25627"
"2026-01-27","Hazi Aslanov","19345"
"2026-01-27","Icherisheher","18987"
"2026-01-27","Inshaatchilar","33106"
"2026-01-27","Jafar Jabbarli","3033"
"2026-01-27","Khalglar Dostlughu","29327"
"2026-01-27","Khatai","16268"
"2026-01-27","Khocasen","3392"
"2026-01-27","Koroghlu","59916"
"2026-01-27","Memar Ajami","27067"
"2026-01-27","Memar Ajami 2","1712"
"2026-01-27","Nariman Narimanov","47751"
"2026-01-27","Nasimi","10574"
"2026-01-27","Neftchilar","37917"
"2026-01-27","Nizami","20716"
"2026-01-27","Sahil","26847"
"2026-01-27","Ulduz","8757"
"2026-01-28","20 Yanvar","51677"
"2026-01-28","28-May","54152"
"2026-01-28","8 Noyabr","5180"
"2026-01-28","Akhmedli","33081"
"2026-01-28","Avtovaghzal","13145"
"2026-01-28","Azadlig Prospekti","22455"
"2026-01-28","Bakmil","2078"
"2026-01-28","Darnagul","4469"
"2026-01-28","Elmlar Akademiyasi","40990"
"2026-01-28","Ganjlik","44468"
"2026-01-28","Gara Garayev","24862"
"2026-01-28","Hazi Aslanov","19167"
"2026-01-28","Icherisheher","17914"
"2026-01-28","Inshaatchilar","32539"
"2026-01-28","Jafar Jabbarli","3039"
"2026-01-28","Khalglar Dostlughu","28452"
"2026-01-28","Khatai","15920"
"2026-01-28","Khocasen","3381"
"2026-01-28","Koroghlu","57742"
"2026-01-28","Memar Ajami","26802"
"2026-01-28","Memar Ajami 2","1669"
"2026-01-28","Nariman Narimanov","47502"
"2026-01-28","Nasimi","10496"
"2026-01-28","Neftchilar","36414"
"2026-01-28","Nizami","20463"
"2026-01-28","Sahil","26973"
"2026-01-28","Ulduz","8520"
"2026-01-29","20 Yanvar","51400"
"2026-01-29","28-May","51890"
"2026-01-29","8 Noyabr","4998"
"2026-01-29","Akhmedli","32415"
"2026-01-29","Avtovaghzal","12814"
"2026-01-29","Azadlig Prospekti","22380"
"2026-01-29","Bakmil","2077"
"2026-01-29","Darnagul","4313"
"2026-01-29","Elmlar Akademiyasi","38640"
"2026-01-29","Ganjlik","43719"
"2026-01-29","Gara Garayev","24214"
"2026-01-29","Hazi Aslanov","18456"
"2026-01-29","Icherisheher","17898"
"2026-01-29","Inshaatchilar","32127"
"2026-01-29","Jafar Jabbarli","3318"
"2026-01-29","Khalglar Dostlughu","27677"
"2026-01-29","Khatai","15582"
"2026-01-29","Khocasen","3321"
"2026-01-29","Koroghlu","56694"
"2026-01-29","Memar Ajami","26408"
"2026-01-29","Memar Ajami 2","1640"
"2026-01-29","Nariman Narimanov","45839"
"2026-01-29","Nasimi","10376"
"2026-01-29","Neftchilar","35885"
"2026-01-29","Nizami","20237"
"2026-01-29","Sahil","26830"
"2026-01-29","Ulduz","8614"
"2026-01-30","20 Yanvar","53050"
"2026-01-30","28-May","57592"
"2026-01-30","8 Noyabr","5095"
"2026-01-30","Akhmedli","34381"
"2026-01-30","Avtovaghzal","13291"
"2026-01-30","Azadlig Prospekti","23677"
"2026-01-30","Bakmil","2052"
"2026-01-30","Darnagul","4701"
"2026-01-30","Elmlar Akademiyasi","41305"
"2026-01-30","Ganjlik","46451"
"2026-01-30","Gara Garayev","25975"
"2026-01-30","Hazi Aslanov","19675"
"2026-01-30","Icherisheher","19218"
"2026-01-30","Inshaatchilar","33570"
"2026-01-30","Jafar Jabbarli","3179"
"2026-01-30","Khalglar Dostlughu","29656"
"2026-01-30","Khatai","16214"
"2026-01-30","Khocasen","3409"
"2026-01-30","Koroghlu","59969"
"2026-01-30","Memar Ajami","28265"
"2026-01-30","Memar Ajami 2","1729"
"2026-01-30","Nariman Narimanov","49644"
"2026-01-30","Nasimi","10897"
"2026-01-30","Neftchilar","38494"
"2026-01-30","Nizami","21557"
"2026-01-30","Sahil","29813"
"2026-01-30","Ulduz","8762"
"2026-01-31","20 Yanvar","41151"
"2026-01-31","28-May","42823"
"2026-01-31","8 Noyabr","3539"
"2026-01-31","Akhmedli","27836"
"2026-01-31","Avtovaghzal","10444"
"2026-01-31","Azadlig Prospekti","18097"
"2026-01-31","Bakmil","1264"
"2026-01-31","Darnagul","3253"
"2026-01-31","Elmlar Akademiyasi","23942"
"2026-01-31","Ganjlik","34281"
"2026-01-31","Gara Garayev","21312"
"2026-01-31","Hazi Aslanov","16844"
"2026-01-31","Icherisheher","14033"
"2026-01-31","Inshaatchilar","27514"
"2026-01-31","Jafar Jabbarli","1786"
"2026-01-31","Khalglar Dostlughu","24437"
"2026-01-31","Khatai","10250"
"2026-01-31","Khocasen","2622"
"2026-01-31","Koroghlu","48898"
"2026-01-31","Memar Ajami","24130"
"2026-01-31","Memar Ajami 2","1585"
"2026-01-31","Nariman Narimanov","39182"
"2026-01-31","Nasimi","8384"
"2026-01-31","Neftchilar","32586"
"2026-01-31","Nizami","15793"
"2026-01-31","Sahil","23450"
"2026-01-31","Ulduz","6125"
"2026-02-01","20 Yanvar","33562"
"2026-02-01","28-May","32498"
"2026-02-01","8 Noyabr","2470"
"2026-02-01","Akhmedli","21182"
"2026-02-01","Avtovaghzal","8524"
"2026-02-01","Azadlig Prospekti","13618"
"2026-02-01","Bakmil","609"
"2026-02-01","Darnagul","2137"
"2026-02-01","Elmlar Akademiyasi","15576"
"2026-02-01","Ganjlik","25784"
"2026-02-01","Gara Garayev","15917"
"2026-02-01","Hazi Aslanov","13108"
"2026-02-01","Icherisheher","11800"
"2026-02-01","Inshaatchilar","20890"
"2026-02-01","Jafar Jabbarli","1301"
"2026-02-01","Khalglar Dostlughu","19272"
"2026-02-01","Khatai","6821"
"2026-02-01","Khocasen","1995"
"2026-02-01","Koroghlu","38087"
"2026-02-01","Memar Ajami","19518"
"2026-02-01","Memar Ajami 2","998"
"2026-02-01","Nariman Narimanov","27644"
"2026-02-01","Nasimi","6290"
"2026-02-01","Neftchilar","26181"
"2026-02-01","Nizami","11683"
"2026-02-01","Sahil","20881"
"2026-02-01","Ulduz","3901"
"2026-02-02","20 Yanvar","50933"
"2026-02-02","28-May","53447"
"2026-02-02","8 Noyabr","5090"
"2026-02-02","Akhmedli","33422"
"2026-02-02","Avtovaghzal","12596"
"2026-02-02","Azadlig Prospekti","22356"
"2026-02-02","Bakmil","2202"
"2026-02-02","Darnagul","4268"
"2026-02-02","Elmlar Akademiyasi","37407"
"2026-02-02","Ganjlik","42682"
"2026-02-02","Gara Garayev","25047"
"2026-02-02","Hazi Aslanov","18636"
"2026-02-02","Icherisheher","18330"
"2026-02-02","Inshaatchilar","31233"
"2026-02-02","Jafar Jabbarli","3278"
"2026-02-02","Khalglar Dostlughu","28331"
"2026-02-02","Khatai","16641"
"2026-02-02","Khocasen","3254"
"2026-02-02","Koroghlu","58329"
"2026-02-02","Memar Ajami","26344"
"2026-02-02","Memar Ajami 2","1831"
"2026-02-02","Nariman Narimanov","48019"
"2026-02-02","Nasimi","10406"
"2026-02-02","Neftchilar","36546"
"2026-02-02","Nizami","20831"
"2026-02-02","Sahil","26086"
"2026-02-02","Ulduz","8722"
"2026-02-03","20 Yanvar","48596"
"2026-02-03","28-May","51459"
"2026-02-03","8 Noyabr","5163"
"2026-02-03","Akhmedli","31891"
"2026-02-03","Avtovaghzal","12242"
"2026-02-03","Azadlig Prospekti","21804"
"2026-02-03","Bakmil","2077"
"2026-02-03","Darnagul","4401"
"2026-02-03","Elmlar Akademiyasi","33124"
"2026-02-03","Ganjlik","41084"
"2026-02-03","Gara Garayev","22752"
"2026-02-03","Hazi Aslanov","17774"
"2026-02-03","Icherisheher","18076"
"2026-02-03","Inshaatchilar","31206"
"2026-02-03","Jafar Jabbarli","3147"
"2026-02-03","Khalglar Dostlughu","27398"
"2026-02-03","Khatai","16130"
"2026-02-03","Khocasen","3181"
"2026-02-03","Koroghlu","56003"
"2026-02-03","Memar Ajami","25654"
"2026-02-03","Memar Ajami 2","1952"
"2026-02-03","Nariman Narimanov","46297"
"2026-02-03","Nasimi","10116"
"2026-02-03","Neftchilar","35099"
"2026-02-03","Nizami","19550"
"2026-02-03","Sahil","24957"
"2026-02-03","Ulduz","8514"
"2026-02-04","20 Yanvar","41419"
"2026-02-04","28-May","39628"
"2026-02-04","8 Noyabr","4316"
"2026-02-04","Akhmedli","27560"
"2026-02-04","Avtovaghzal","11032"
"2026-02-04","Azadlig Prospekti","18410"
"2026-02-04","Bakmil","1966"
"2026-02-04","Darnagul","3658"
"2026-02-04","Elmlar Akademiyasi","27860"
"2026-02-04","Ganjlik","33364"
"2026-02-04","Gara Garayev","21665"
"2026-02-04","Hazi Aslanov","14637"
"2026-02-04","Icherisheher","13841"
"2026-02-04","Inshaatchilar","25047"
"2026-02-04","Jafar Jabbarli","2936"
"2026-02-04","Khalglar Dostlughu","23190"
"2026-02-04","Khatai","13171"
"2026-02-04","Khocasen","2720"
"2026-02-04","Koroghlu","47218"
"2026-02-04","Memar Ajami","20835"
"2026-02-04","Memar Ajami 2","1549"
"2026-02-04","Nariman Narimanov","37726"
"2026-02-04","Nasimi","8322"
"2026-02-04","Neftchilar","29817"
"2026-02-04","Nizami","17002"
"2026-02-04","Sahil","19364"
"2026-02-04","Ulduz","6864"
"2026-02-05","20 Yanvar","45653"
"2026-02-05","28-May","48615"
"2026-02-05","8 Noyabr","4907"
"2026-02-05","Akhmedli","30782"
"2026-02-05","Avtovaghzal","11504"
"2026-02-05","Azadlig Prospekti","20979"
"2026-02-05","Bakmil","2158"
"2026-02-05","Darnagul","3986"
"2026-02-05","Elmlar Akademiyasi","32026"
"2026-02-05","Ganjlik","36961"
"2026-02-05","Gara Garayev","22906"
"2026-02-05","Hazi Aslanov","17150"
"2026-02-05","Icherisheher","16640"
"2026-02-05","Inshaatchilar","29225"
"2026-02-05","Jafar Jabbarli","2963"
"2026-02-05","Khalglar Dostlughu","26410"
"2026-02-05","Khatai","15514"
"2026-02-05","Khocasen","2829"
"2026-02-05","Koroghlu","52538"
"2026-02-05","Memar Ajami","24254"
"2026-02-05","Memar Ajami 2","1693"
"2026-02-05","Nariman Narimanov","43732"
"2026-02-05","Nasimi","9410"
"2026-02-05","Neftchilar","33928"
"2026-02-05","Nizami","19118"
"2026-02-05","Sahil","23428"
"2026-02-05","Ulduz","8027"
"2026-02-06","20 Yanvar","49481"
"2026-02-06","28-May","54054"
"2026-02-06","8 Noyabr","5086"
"2026-02-06","Akhmedli","33255"
"2026-02-06","Avtovaghzal","12606"
"2026-02-06","Azadlig Prospekti","22428"
"2026-02-06","Bakmil","2295"
"2026-02-06","Darnagul","4180"
"2026-02-06","Elmlar Akademiyasi","34547"
"2026-02-06","Ganjlik","40460"
"2026-02-06","Gara Garayev","24769"
"2026-02-06","Hazi Aslanov","18348"
"2026-02-06","Icherisheher","18140"
"2026-02-06","Inshaatchilar","31476"
"2026-02-06","Jafar Jabbarli","3136"
"2026-02-06","Khalglar Dostlughu","28180"
"2026-02-06","Khatai","16235"
"2026-02-06","Khocasen","3222"
"2026-02-06","Koroghlu","56312"
"2026-02-06","Memar Ajami","26308"
"2026-02-06","Memar Ajami 2","1897"
"2026-02-06","Nariman Narimanov","47705"
"2026-02-06","Nasimi","10571"
"2026-02-06","Neftchilar","36271"
"2026-02-06","Nizami","20795"
"2026-02-06","Sahil","26428"
"2026-02-06","Ulduz","8350"
"2026-02-07","20 Yanvar","42113"
"2026-02-07","28-May","43290"
"2026-02-07","8 Noyabr","3756"
"2026-02-07","Akhmedli","28071"
"2026-02-07","Avtovaghzal","10913"
"2026-02-07","Azadlig Prospekti","17851"
"2026-02-07","Bakmil","1231"
"2026-02-07","Darnagul","3303"
"2026-02-07","Elmlar Akademiyasi","22270"
"2026-02-07","Ganjlik","33429"
"2026-02-07","Gara Garayev","21172"
"2026-02-07","Hazi Aslanov","16450"
"2026-02-07","Icherisheher","13133"
"2026-02-07","Inshaatchilar","27376"
"2026-02-07","Jafar Jabbarli","1872"
"2026-02-07","Khalglar Dostlughu","23923"
"2026-02-07","Khatai","10197"
"2026-02-07","Khocasen","2577"
"2026-02-07","Koroghlu","48057"
"2026-02-07","Memar Ajami","23949"
"2026-02-07","Memar Ajami 2","1524"
"2026-02-07","Nariman Narimanov","40023"
"2026-02-07","Nasimi","8571"
"2026-02-07","Neftchilar","31741"
"2026-02-07","Nizami","15726"
"2026-02-07","Sahil","21956"
"2026-02-07","Ulduz","5933"
"2026-02-08","20 Yanvar","34457"
"2026-02-08","28-May","34154"
"2026-02-08","8 Noyabr","2557"
"2026-02-08","Akhmedli","21485"
"2026-02-08","Avtovaghzal","9938"
"2026-02-08","Azadlig Prospekti","13940"
"2026-02-08","Bakmil","635"
"2026-02-08","Darnagul","2145"
"2026-02-08","Elmlar Akademiyasi","16822"
"2026-02-08","Ganjlik","25768"
"2026-02-08","Gara Garayev","16163"
"2026-02-08","Hazi Aslanov","12977"
"2026-02-08","Icherisheher","11651"
"2026-02-08","Inshaatchilar","21569"
"2026-02-08","Jafar Jabbarli","1361"
"2026-02-08","Khalglar Dostlughu","19229"
"2026-02-08","Khatai","6873"
"2026-02-08","Khocasen","2475"
"2026-02-08","Koroghlu","38574"
"2026-02-08","Memar Ajami","20638"
"2026-02-08","Memar Ajami 2","1390"
"2026-02-08","Nariman Narimanov","28812"
"2026-02-08","Nasimi","6720"
"2026-02-08","Neftchilar","26266"
"2026-02-08","Nizami","11284"
"2026-02-08","Sahil","21132"
"2026-02-08","Ulduz","3793"
"2026-02-09","20 Yanvar","50500"
"2026-02-09","28-May","54424"
"2026-02-09","8 Noyabr","5124"
"2026-02-09","Akhmedli","33737"
"2026-02-09","Avtovaghzal","13086"
"2026-02-09","Azadlig Prospekti","22582"
"2026-02-09","Bakmil","2335"
"2026-02-09","Darnagul","4374"
"2026-02-09","Elmlar Akademiyasi","36088"
"2026-02-09","Ganjlik","41488"
"2026-02-09","Gara Garayev","25429"
"2026-02-09","Hazi Aslanov","18521"
"2026-02-09","Icherisheher","18532"
"2026-02-09","Inshaatchilar","31585"
"2026-02-09","Jafar Jabbarli","3271"
"2026-02-09","Khalglar Dostlughu","28677"
"2026-02-09","Khatai","16623"
"2026-02-09","Khocasen","3557"
"2026-02-09","Koroghlu","58319"
"2026-02-09","Memar Ajami","27091"
"2026-02-09","Memar Ajami 2","1919"
"2026-02-09","Nariman Narimanov","48961"
"2026-02-09","Nasimi","10533"
"2026-02-09","Neftchilar","37045"
"2026-02-09","Nizami","21175"
"2026-02-09","Sahil","26637"
"2026-02-09","Ulduz","8849"
"2026-02-10","20 Yanvar","45740"
"2026-02-10","28-May","47815"
"2026-02-10","8 Noyabr","4954"
"2026-02-10","Akhmedli","30356"
"2026-02-10","Avtovaghzal","11892"
"2026-02-10","Azadlig Prospekti","19926"
"2026-02-10","Bakmil","2103"
"2026-02-10","Darnagul","3919"
"2026-02-10","Elmlar Akademiyasi","31088"
"2026-02-10","Ganjlik","36115"
"2026-02-10","Gara Garayev","22450"
"2026-02-10","Hazi Aslanov","16600"
"2026-02-10","Icherisheher","16456"
"2026-02-10","Inshaatchilar","28696"
"2026-02-10","Jafar Jabbarli","3272"
"2026-02-10","Khalglar Dostlughu","26067"
"2026-02-10","Khatai","15382"
"2026-02-10","Khocasen","2974"
"2026-02-10","Koroghlu","52560"
"2026-02-10","Memar Ajami","23755"
"2026-02-10","Memar Ajami 2","1699"
"2026-02-10","Nariman Narimanov","42592"
"2026-02-10","Nasimi","9345"
"2026-02-10","Neftchilar","32950"
"2026-02-10","Nizami","18646"
"2026-02-10","Sahil","22735"
"2026-02-10","Ulduz","7648"
"2026-02-11","20 Yanvar","46176"
"2026-02-11","28-May","51197"
"2026-02-11","8 Noyabr","4938"
"2026-02-11","Akhmedli","32035"
"2026-02-11","Avtovaghzal","11752"
"2026-02-11","Azadlig Prospekti","21154"
"2026-02-11","Bakmil","2162"
"2026-02-11","Darnagul","4181"
"2026-02-11","Elmlar Akademiyasi","32268"
"2026-02-11","Ganjlik","37719"
"2026-02-11","Gara Garayev","24128"
"2026-02-11","Hazi Aslanov","17755"
"2026-02-11","Icherisheher","17207"
"2026-02-11","Inshaatchilar","30367"
"2026-02-11","Jafar Jabbarli","3053"
"2026-02-11","Khalglar Dostlughu","27233"
"2026-02-11","Khatai","16190"
"2026-02-11","Khocasen","3047"
"2026-02-11","Koroghlu","54920"
"2026-02-11","Memar Ajami","25249"
"2026-02-11","Memar Ajami 2","1877"
"2026-02-11","Nariman Narimanov","45161"
"2026-02-11","Nasimi","9898"
"2026-02-11","Neftchilar","34901"
"2026-02-11","Nizami","20103"
"2026-02-11","Sahil","23991"
"2026-02-11","Ulduz","8054"
"2026-02-12","20 Yanvar","49352"
"2026-02-12","28-May","54577"
"2026-02-12","8 Noyabr","5185"
"2026-02-12","Akhmedli","34068"
"2026-02-12","Avtovaghzal","12689"
"2026-02-12","Azadlig Prospekti","22422"
"2026-02-12","Bakmil","2349"
"2026-02-12","Darnagul","4359"
"2026-02-12","Elmlar Akademiyasi","33468"
"2026-02-12","Ganjlik","41103"
"2026-02-12","Gara Garayev","25309"
"2026-02-12","Hazi Aslanov","18571"
"2026-02-12","Icherisheher","18872"
"2026-02-12","Inshaatchilar","32363"
"2026-02-12","Jafar Jabbarli","3332"
"2026-02-12","Khalglar Dostlughu","28657"
"2026-02-12","Khatai","16657"
"2026-02-12","Khocasen","3323"
"2026-02-12","Koroghlu","57512"
"2026-02-12","Memar Ajami","27461"
"2026-02-12","Memar Ajami 2","1944"
"2026-02-12","Nariman Narimanov","48850"
"2026-02-12","Nasimi","10531"
"2026-02-12","Neftchilar","37079"
"2026-02-12","Nizami","21333"
"2026-02-12","Sahil","26775"
"2026-02-12","Ulduz","8526"
"2026-02-13","20 Yanvar","52555"
"2026-02-13","28-May","59102"
"2026-02-13","8 Noyabr","5366"
"2026-02-13","Akhmedli","35064"
"2026-02-13","Avtovaghzal","13665"
"2026-02-13","Azadlig Prospekti","24016"
"2026-02-13","Bakmil","2299"
"2026-02-13","Darnagul","4512"
"2026-02-13","Elmlar Akademiyasi","35998"
"2026-02-13","Ganjlik","44250"
"2026-02-13","Gara Garayev","26148"
"2026-02-13","Hazi Aslanov","19629"
"2026-02-13","Icherisheher","20511"
"2026-02-13","Inshaatchilar","34305"
"2026-02-13","Jafar Jabbarli","3520"
"2026-02-13","Khalglar Dostlughu","30320"
"2026-02-13","Khatai","17668"
"2026-02-13","Khocasen","3438"
"2026-02-13","Koroghlu","59589"
"2026-02-13","Memar Ajami","29733"
"2026-02-13","Memar Ajami 2","1943"
"2026-02-13","Nariman Narimanov","51573"
"2026-02-13","Nasimi","11340"
"2026-02-13","Neftchilar","38771"
"2026-02-13","Nizami","22375"
"2026-02-13","Sahil","28690"
"2026-02-13","Ulduz","8748"
"2026-02-14","20 Yanvar","47070"
"2026-02-14","28-May","49292"
"2026-02-14","8 Noyabr","4031"
"2026-02-14","Akhmedli","31062"
"2026-02-14","Avtovaghzal","12489"
"2026-02-14","Azadlig Prospekti","19872"
"2026-02-14","Bakmil","1241"
"2026-02-14","Darnagul","3454"
"2026-02-14","Elmlar Akademiyasi","24537"
"2026-02-14","Ganjlik","38208"
"2026-02-14","Gara Garayev","23220"
"2026-02-14","Hazi Aslanov","17737"
"2026-02-14","Icherisheher","18667"
"2026-02-14","Inshaatchilar","31491"
"2026-02-14","Jafar Jabbarli","2218"
"2026-02-14","Khalglar Dostlughu","27089"
"2026-02-14","Khatai","11833"
"2026-02-14","Khocasen","3033"
"2026-02-14","Koroghlu","53510"
"2026-02-14","Memar Ajami","28797"
"2026-02-14","Memar Ajami 2","1542"
"2026-02-14","Nariman Narimanov","43520"
"2026-02-14","Nasimi","9430"
"2026-02-14","Neftchilar","35500"
"2026-02-14","Nizami","18048"
"2026-02-14","Sahil","34844"
"2026-02-14","Ulduz","6546"
"2026-02-15","20 Yanvar","37231"
"2026-02-15","28-May","36969"
"2026-02-15","8 Noyabr","3132"
"2026-02-15","Akhmedli","22640"
"2026-02-15","Avtovaghzal","10342"
"2026-02-15","Azadlig Prospekti","15494"
"2026-02-15","Bakmil","572"
"2026-02-15","Darnagul","2322"
"2026-02-15","Elmlar Akademiyasi","18638"
"2026-02-15","Ganjlik","29120"
"2026-02-15","Gara Garayev","16485"
"2026-02-15","Hazi Aslanov","13402"
"2026-02-15","Icherisheher","12584"
"2026-02-15","Inshaatchilar","24538"
"2026-02-15","Jafar Jabbarli","1391"
"2026-02-15","Khalglar Dostlughu","20121"
"2026-02-15","Khatai","7325"
"2026-02-15","Khocasen","2223"
"2026-02-15","Koroghlu","40136"
"2026-02-15","Memar Ajami","23078"
"2026-02-15","Memar Ajami 2","1267"
"2026-02-15","Nariman Narimanov","30757"
"2026-02-15","Nasimi","7539"
"2026-02-15","Neftchilar","27559"
"2026-02-15","Nizami","13120"
"2026-02-15","Sahil","23437"
"2026-02-15","Ulduz","3858"
"2026-02-16","20 Yanvar","63321"
"2026-02-16","28-May","67896"
"2026-02-16","8 Noyabr","7877"
"2026-02-16","Akhmedli","38618"
"2026-02-16","Avtovaghzal","16192"
"2026-02-16","Azadlig Prospekti","26267"
"2026-02-16","Bakmil","2385"
"2026-02-16","Darnagul","4691"
"2026-02-16","Elmlar Akademiyasi","54934"
"2026-02-16","Ganjlik","62345"
"2026-02-16","Gara Garayev","28116"
"2026-02-16","Hazi Aslanov","20933"
"2026-02-16","Icherisheher","23124"
"2026-02-16","Inshaatchilar","38048"
"2026-02-16","Jafar Jabbarli","4247"
"2026-02-16","Khalglar Dostlughu","32067"
"2026-02-16","Khatai","18212"
"2026-02-16","Khocasen","4018"
"2026-02-16","Koroghlu","69318"
"2026-02-16","Memar Ajami","31211"
"2026-02-16","Memar Ajami 2","2183"
"2026-02-16","Nariman Narimanov","55188"
"2026-02-16","Nasimi","11713"
"2026-02-16","Neftchilar","43531"
"2026-02-16","Nizami","24777"
"2026-02-16","Sahil","31958"
"2026-02-16","Ulduz","9334"
"2026-02-17","20 Yanvar","63368"
"2026-02-17","28-May","67651"
"2026-02-17","8 Noyabr","7718"
"2026-02-17","Akhmedli","38824"
"2026-02-17","Avtovaghzal","16175"
"2026-02-17","Azadlig Prospekti","26935"
"2026-02-17","Bakmil","2435"
"2026-02-17","Darnagul","4756"
"2026-02-17","Elmlar Akademiyasi","55540"
"2026-02-17","Ganjlik","62460"
"2026-02-17","Gara Garayev","28414"
"2026-02-17","Hazi Aslanov","21338"
"2026-02-17","Icherisheher","24056"
"2026-02-17","Inshaatchilar","37859"
"2026-02-17","Jafar Jabbarli","4308"
"2026-02-17","Khalglar Dostlughu","32722"
"2026-02-17","Khatai","18725"
"2026-02-17","Khocasen","4047"
"2026-02-17","Koroghlu","69788"
"2026-02-17","Memar Ajami","31220"
"2026-02-17","Memar Ajami 2","2043"
"2026-02-17","Nariman Narimanov","56340"
"2026-02-17","Nasimi","11926"
"2026-02-17","Neftchilar","43761"
"2026-02-17","Nizami","24558"
"2026-02-17","Sahil","33882"
"2026-02-17","Ulduz","9765"
"2026-02-18","20 Yanvar","63539"
"2026-02-18","28-May","67267"
"2026-02-18","8 Noyabr","7979"
"2026-02-18","Akhmedli","39177"
"2026-02-18","Avtovaghzal","16014"
"2026-02-18","Azadlig Prospekti","26522"
"2026-02-18","Bakmil","2400"
"2026-02-18","Darnagul","4895"
"2026-02-18","Elmlar Akademiyasi","55257"
"2026-02-18","Ganjlik","74349"
"2026-02-18","Gara Garayev","28798"
"2026-02-18","Hazi Aslanov","22884"
"2026-02-18","Icherisheher","24200"
"2026-02-18","Inshaatchilar","38613"
"2026-02-18","Jafar Jabbarli","4189"
"2026-02-18","Khalglar Dostlughu","33089"
"2026-02-18","Khatai","18662"
"2026-02-18","Khocasen","4122"
"2026-02-18","Koroghlu","70091"
"2026-02-18","Memar Ajami","31957"
"2026-02-18","Memar Ajami 2","2141"
"2026-02-18","Nariman Narimanov","56880"
"2026-02-18","Nasimi","12175"
"2026-02-18","Neftchilar","44655"
"2026-02-18","Nizami","24827"
"2026-02-18","Sahil","34066"
"2026-02-18","Ulduz","9628"
"2026-02-19","20 Yanvar","59878"
"2026-02-19","28-May","62911"
"2026-02-19","8 Noyabr","7720"
"2026-02-19","Akhmedli","37029"
"2026-02-19","Avtovaghzal","15014"
"2026-02-19","Azadlig Prospekti","25322"
"2026-02-19","Bakmil","2390"
"2026-02-19","Darnagul","4720"
"2026-02-19","Elmlar Akademiyasi","53039"
"2026-02-19","Ganjlik","58063"
"2026-02-19","Gara Garayev","26849"
"2026-02-19","Hazi Aslanov","20770"
"2026-02-19","Icherisheher","22421"
"2026-02-19","Inshaatchilar","36343"
"2026-02-19","Jafar Jabbarli","3820"
"2026-02-19","Khalglar Dostlughu","31319"
"2026-02-19","Khatai","17706"
"2026-02-19","Khocasen","3839"
"2026-02-19","Koroghlu","66766"
"2026-02-19","Memar Ajami","29339"
"2026-02-19","Memar Ajami 2","2261"
"2026-02-19","Nariman Narimanov","52525"
"2026-02-19","Nasimi","11601"
"2026-02-19","Neftchilar","41294"
"2026-02-19","Nizami","23642"
"2026-02-19","Sahil","31090"
"2026-02-19","Ulduz","9372"
"2026-02-20","20 Yanvar","59680"
"2026-02-20","28-May","64661"
"2026-02-20","8 Noyabr","7202"
"2026-02-20","Akhmedli","37048"
"2026-02-20","Avtovaghzal","15113"
"2026-02-20","Azadlig Prospekti","25395"
"2026-02-20","Bakmil","2466"
"2026-02-20","Darnagul","4816"
"2026-02-20","Elmlar Akademiyasi","50520"
"2026-02-20","Ganjlik","57460"
"2026-02-20","Gara Garayev","27650"
"2026-02-20","Hazi Aslanov","20658"
"2026-02-20","Icherisheher","23159"
"2026-02-20","Inshaatchilar","36715"
"2026-02-20","Jafar Jabbarli","3792"
"2026-02-20","Khalglar Dostlughu","31335"
"2026-02-20","Khatai","18143"
"2026-02-20","Khocasen","3790"
"2026-02-20","Koroghlu","66750"
"2026-02-20","Memar Ajami","30311"
"2026-02-20","Memar Ajami 2","2095"
"2026-02-20","Nariman Narimanov","53805"
"2026-02-20","Nasimi","11742"
"2026-02-20","Neftchilar","41913"
"2026-02-20","Nizami","24270"
"2026-02-20","Sahil","31482"
"2026-02-20","Ulduz","9606"
"2026-02-21","20 Yanvar","41383"
"2026-02-21","28-May","43575"
"2026-02-21","8 Noyabr","4017"
"2026-02-21","Akhmedli","27468"
"2026-02-21","Avtovaghzal","9993"
"2026-02-21","Azadlig Prospekti","17584"
"2026-02-21","Bakmil","1147"
"2026-02-21","Darnagul","3422"
"2026-02-21","Elmlar Akademiyasi","24352"
"2026-02-21","Ganjlik","33584"
"2026-02-21","Gara Garayev","20768"
"2026-02-21","Hazi Aslanov","16250"
"2026-02-21","Icherisheher","14293"
"2026-02-21","Inshaatchilar","28191"
"2026-02-21","Jafar Jabbarli","1934"
"2026-02-21","Khalglar Dostlughu","23644"
"2026-02-21","Khatai","10544"
"2026-02-21","Khocasen","2711"
"2026-02-21","Koroghlu","48535"
"2026-02-21","Memar Ajami","24936"
"2026-02-21","Memar Ajami 2","1467"
"2026-02-21","Nariman Narimanov","39113"
"2026-02-21","Nasimi","8510"
"2026-02-21","Neftchilar","31818"
"2026-02-21","Nizami","16488"
"2026-02-21","Sahil","24129"
"2026-02-21","Ulduz","6321"
"2026-02-22","20 Yanvar","32483"
"2026-02-22","28-May","31848"
"2026-02-22","8 Noyabr","2695"
"2026-02-22","Akhmedli","20088"
"2026-02-22","Avtovaghzal","8413"
"2026-02-22","Azadlig Prospekti","12984"
"2026-02-22","Bakmil","574"
"2026-02-22","Darnagul","2125"
"2026-02-22","Elmlar Akademiyasi","16366"
"2026-02-22","Ganjlik","23436"
"2026-02-22","Gara Garayev","14536"
"2026-02-22","Hazi Aslanov","12539"
"2026-02-22","Icherisheher","11603"
"2026-02-22","Inshaatchilar","21067"
"2026-02-22","Jafar Jabbarli","1462"
"2026-02-22","Khalglar Dostlughu","17847"
"2026-02-22","Khatai","6672"
"2026-02-22","Khocasen","2094"
"2026-02-22","Koroghlu","37191"
"2026-02-22","Memar Ajami","19730"
"2026-02-22","Memar Ajami 2","1062"
"2026-02-22","Nariman Narimanov","27505"
"2026-02-22","Nasimi","6372"
"2026-02-22","Neftchilar","24335"
"2026-02-22","Nizami","11816"
"2026-02-22","Sahil","19855"
"2026-02-22","Ulduz","3809"
"2026-02-23","20 Yanvar","60912"
"2026-02-23","28-May","64034"
"2026-02-23","8 Noyabr","7998"
"2026-02-23","Akhmedli","37300"
"2026-02-23","Avtovaghzal","15610"
"2026-02-23","Azadlig Prospekti","25395"
"2026-02-23","Bakmil","2440"
"2026-02-23","Darnagul","4702"
"2026-02-23","Elmlar Akademiyasi","54564"
"2026-02-23","Ganjlik","59111"
"2026-02-23","Gara Garayev","27369"
"2026-02-23","Hazi Aslanov","20316"
"2026-02-23","Icherisheher","22295"
"2026-02-23","Inshaatchilar","36090"
"2026-02-23","Jafar Jabbarli","4223"
"2026-02-23","Khalglar Dostlughu","31089"
"2026-02-23","Khatai","18066"
"2026-02-23","Khocasen","4002"
"2026-02-23","Koroghlu","67515"
"2026-02-23","Memar Ajami","29769"
"2026-02-23","Memar Ajami 2","2069"
"2026-02-23","Nariman Narimanov","52608"
"2026-02-23","Nasimi","11291"
"2026-02-23","Neftchilar","42448"
"2026-02-23","Nizami","24015"
"2026-02-23","Sahil","28553"
"2026-02-23","Ulduz","9404"
"2026-02-24","20 Yanvar","47812"
"2026-02-24","28-May","40097"
"2026-02-24","8 Noyabr","5590"
"2026-02-24","Akhmedli","30851"
"2026-02-24","Avtovaghzal","13283"
"2026-02-24","Azadlig Prospekti","20012"
"2026-02-24","Bakmil","1840"
"2026-02-24","Darnagul","3657"
"2026-02-24","Elmlar Akademiyasi","34634"
"2026-02-24","Ganjlik","36592"
"2026-02-24","Gara Garayev","21308"
"2026-02-24","Hazi Aslanov","16849"
"2026-02-24","Icherisheher","14332"
"2026-02-24","Inshaatchilar","27660"
"2026-02-24","Jafar Jabbarli","2709"
"2026-02-24","Khalglar Dostlughu","26001"
"2026-02-24","Khatai","11847"
"2026-02-24","Khocasen","3419"
"2026-02-24","Koroghlu","54616"
"2026-02-24","Memar Ajami","22925"
"2026-02-24","Memar Ajami 2","1671"
"2026-02-24","Nariman Narimanov","35773"
"2026-02-24","Nasimi","9321"
"2026-02-24","Neftchilar","33450"
"2026-02-24","Nizami","15528"
"2026-02-24","Sahil","18584"
"2026-02-24","Ulduz","7330"
"2026-02-25","20 Yanvar","69270"
"2026-02-25","28-May","82189"
"2026-02-25","8 Noyabr","9858"
"2026-02-25","Akhmedli","41947"
"2026-02-25","Avtovaghzal","16731"
"2026-02-25","Azadlig Prospekti","29531"
"2026-02-25","Bakmil","3039"
"2026-02-25","Darnagul","5610"
"2026-02-25","Elmlar Akademiyasi","71089"
"2026-02-25","Ganjlik","77936"
"2026-02-25","Gara Garayev","31515"
"2026-02-25","Hazi Aslanov","23188"
"2026-02-25","Icherisheher","29396"
"2026-02-25","Inshaatchilar","43016"
"2026-02-25","Jafar Jabbarli","5183"
"2026-02-25","Khalglar Dostlughu","35102"
"2026-02-25","Khatai","23590"
"2026-02-25","Khocasen","4314"
"2026-02-25","Koroghlu","76125"
"2026-02-25","Memar Ajami","34574"
"2026-02-25","Memar Ajami 2","2410"
"2026-02-25","Nariman Narimanov","66234"
"2026-02-25","Nasimi","13399"
"2026-02-25","Neftchilar","48205"
"2026-02-25","Nizami","30759"
"2026-02-25","Sahil","39631"
"2026-02-25","Ulduz","11305"
"2026-02-26","20 Yanvar","59463"
"2026-02-26","28-May","64250"
"2026-02-26","8 Noyabr","7655"
"2026-02-26","Akhmedli","37245"
"2026-02-26","Avtovaghzal","14971"
"2026-02-26","Azadlig Prospekti","25177"
"2026-02-26","Bakmil","2388"
"2026-02-26","Darnagul","4785"
"2026-02-26","Elmlar Akademiyasi","53956"
"2026-02-26","Ganjlik","58244"
"2026-02-26","Gara Garayev","26776"
"2026-02-26","Hazi Aslanov","20337"
"2026-02-26","Icherisheher","22426"
"2026-02-26","Inshaatchilar","36247"
"2026-02-26","Jafar Jabbarli","4112"
"2026-02-26","Khalglar Dostlughu","31335"
"2026-02-26","Khatai","23153"
"2026-02-26","Khocasen","3962"
"2026-02-26","Koroghlu","66150"
"2026-02-26","Memar Ajami","29377"
"2026-02-26","Memar Ajami 2","2019"
"2026-02-26","Nariman Narimanov","53080"
"2026-02-26","Nasimi","11560"
"2026-02-26","Neftchilar","41575"
"2026-02-26","Nizami","23441"
"2026-02-26","Sahil","30281"
"2026-02-26","Ulduz","9616"
"2026-02-27","20 Yanvar","59158"
"2026-02-27","28-May","63113"
"2026-02-27","8 Noyabr","7131"
"2026-02-27","Akhmedli","36568"
"2026-02-27","Avtovaghzal","14901"
"2026-02-27","Azadlig Prospekti","24974"
"2026-02-27","Bakmil","2512"
"2026-02-27","Darnagul","4730"
"2026-02-27","Elmlar Akademiyasi","50383"
"2026-02-27","Ganjlik","56116"
"2026-02-27","Gara Garayev","26670"
"2026-02-27","Hazi Aslanov","20180"
"2026-02-27","Icherisheher","22197"
"2026-02-27","Inshaatchilar","35758"
"2026-02-27","Jafar Jabbarli","3970"
"2026-02-27","Khalglar Dostlughu","30551"
"2026-02-27","Khatai","18399"
"2026-02-27","Khocasen","3771"
"2026-02-27","Koroghlu","65448"
"2026-02-27","Memar Ajami","29093"
"2026-02-27","Memar Ajami 2","1994"
"2026-02-27","Nariman Narimanov","52692"
"2026-02-27","Nasimi","11338"
"2026-02-27","Neftchilar","40887"
"2026-02-27","Nizami","23098"
"2026-02-27","Sahil","29151"
"2026-02-27","Ulduz","9395"
"2026-02-28","20 Yanvar","38540"
"2026-02-28","28-May","40737"
"2026-02-28","8 Noyabr","3596"
"2026-02-28","Akhmedli","26547"
"2026-02-28","Avtovaghzal","9237"
"2026-02-28","Azadlig Prospekti","16430"
"2026-02-28","Bakmil","1125"
"2026-02-28","Darnagul","3096"
"2026-02-28","Elmlar Akademiyasi","22666"
"2026-02-28","Ganjlik","31644"
"2026-02-28","Gara Garayev","19591"
"2026-02-28","Hazi Aslanov","15853"
"2026-02-28","Icherisheher","12226"
"2026-02-28","Inshaatchilar","26396"
"2026-02-28","Jafar Jabbarli","1982"
"2026-02-28","Khalglar Dostlughu","22443"
"2026-02-28","Khatai","9858"
"2026-02-28","Khocasen","2441"
"2026-02-28","Koroghlu","45507"
"2026-02-28","Memar Ajami","23011"
"2026-02-28","Memar Ajami 2","1612"
"2026-02-28","Nariman Narimanov","37131"
"2026-02-28","Nasimi","7769"
"2026-02-28","Neftchilar","30846"
"2026-02-28","Nizami","15579"
"2026-02-28","Sahil","19849"
"2026-02-28","Ulduz","5877"
